Diploma Course,Poly_name,Poly_short,School,Course Codes,Type,Agg Type,JAE 2024 Intake,JAE 2023 Intake,JAE 2024 ELR2B2,JAE 2023 ELR2B2,JAE 2022 ELR2B2,JAE 2021 ELR2B2,JAE 2020 ELR2B2,JAE 2019 ELR2B2,JAE 2018 ELR2B2,JAE 2017 ELR2B2,JAE 2016 ELR2B2,JAE 2015 ELR2B2,JAE 2014 ELR2B2,PFP Group,PFP 2024 ELMAB3,PFP 2023 ELMAB3,PFP 2022 ELMAB3
TOURISM & RESORT MANAGEMENT,Ngee Ann Polytechnic,NP,School of Business & Accountancy,N72,BM,B,50,50,14,15,17,13,12,11,11,11,10,10,10,2,9,11,9
BANKING & FINANCE,Ngee Ann Polytechnic,NP,School of Business & Accountancy,N53,BM,B,75,75,9,10,11,11,10,9,11,10,10,10,10,2,4,5,5
INTERNATIONAL TRADE & BUSINESS,Ngee Ann Polytechnic,NP,School of Business & Accountancy,N85,BM,B,75,75,13,13,13,12,11,10,10,-,-,-,-,2,9,10,9
ACCOUNTANCY,Ngee Ann Polytechnic,NP,School of Business & Accountancy,N51,BM,B,135,135,11,12,11,11,10,9,11,11,11,12,11,2,7,6,8
BUSINESS STUDIES,Ngee Ann Polytechnic,NP,School of Business & Accountancy,N45,BM,B,150,150,8,8,8,9,9,8,11,10,10,11,11,2,8,8,7
COMMON BUSINESS PROGRAMME,Ngee Ann Polytechnic,NP,School of Business & Accountancy,N97,BM,B,220,220,11,12,12,12,11,12,-,-,-,-,-,2,8,8,8
DESIGN,Ngee Ann Polytechnic,NP,School of Design & Environment,N12,MD,D,70,75,15,15,15,14,15,-,-,-,-,-,-,1,9,9,7
HOTEL & LEISURE FACILITIES MANAGEMENT,Ngee Ann Polytechnic,NP,School of Design & Environment,N40,BE,C,75,95,16,17,18,17,13,12,13,12,13,13,13,1,9,9,9
REAL ESTATE BUSINESS,Ngee Ann Polytechnic,NP,School of Design & Environment,N48,BM,B,75,75,14,14,14,15,14,15,16,16,16,15,16,1,8,9,9
ENGINEERING SCIENCE,Ngee Ann Polytechnic,NP,School of Engineering,N93,EN,C,40,40,9,11,12,12,11,8,10,8,9,9,8,1,3,5,5
OFFSHORE & SUSTAINABLE ENGINEERING,Ngee Ann Polytechnic,NP,School of Engineering,N42,MS,C,40,40,25,25,25,18,18,18,20,18,18,16,17,1,7,6,7
BIOMEDICAL ENGINEERING,Ngee Ann Polytechnic,NP,School of Engineering,N60,EN,C,50,50,11,11,11,12,10,10,12,13,14,14,15,1,8,6,7
MECHATRONICS & ROBOTICS (Automation & Mechatronic Systems),Ngee Ann Polytechnic,NP,School of Engineering,N50,EN,C,70,75,24,26,19,20,17,17,19,19,20,20,22,1,10,8,9
ELECTRICAL ENGINEERING,Ngee Ann Polytechnic,NP,School of Engineering,N43,EN,C,75,75,23,24,20,20,21,20,20,21,22,23,26,1,10,9,8
MECHANICAL ENGINEERING,Ngee Ann Polytechnic,NP,School of Engineering,N41,EN,C,120,125,24,26,20,22,18,16,17,18,19,19,21,1,10,11,10
AEROSPACE ENGINEERING,Ngee Ann Polytechnic,NP,School of Engineering,N65,EN,C,125,125,16,18,19,16,11,9,13,13,13,13,13,1,10,9,11
ELECTRONIC & COMPUTER ENGINEERING,Ngee Ann Polytechnic,NP,School of Engineering,N44,EN,C,125,125,17,16,16,16,15,16,17,19,21,22,26,1,10,11,10
COMMON ENGINEERING PROGRAMME,Ngee Ann Polytechnic,NP,School of Engineering,N71,EN,C,300,325,22,24,26,19,19,21,-,-,-,-,-,1,11,11,10
"FILM, SOUND & VIDEO",Ngee Ann Polytechnic,NP,School of Film & Media Studies,N82,MD,D,40,40,11,11,11,12,8,9,10,9,12,11,12,2,8,6,8
MEDIA POST-PRODUCTION,Ngee Ann Polytechnic,NP,School of Film & Media Studies,N13,MD,D,40,40,14,13,12,13,12,-,-,-,-,-,-,2,10,7,9
COMMON MEDIA PROGRAMME,Ngee Ann Polytechnic,NP,School of Film & Media Studies,N14,MD,A,65,70,12,12,-,-,-,-,-,-,-,-,-,2,7,7,-
MASS COMMUNICATION,Ngee Ann Polytechnic,NP,School of Film & Media Studies,N67,MD,A,70,75,10,8,11,10,8,10,10,10,10,10,10,2,5,6,7
OPTOMETRY,Ngee Ann Polytechnic,NP,School of Health Sciences,N83,HS,C,45,45,12,13,13,13,12,12,13,12,13,13,14,1,6,6,6
NURSING,Ngee Ann Polytechnic,NP,School of Health Sciences,N69,HS,C,580,600,26,26,28,28,28,28,28,26,28,28,28,1,11,9,10
TAMIL STUDIES WITH EARLY EDUCATION,Ngee Ann Polytechnic,NP,School of Humanities & Social Sciences & Interdisciplinary Studies,N95,HU,A,20,30,22,20,17,21,22,22,21,23,-,-,-,-,NA,NA,NA
ARTS BUSINESS MANAGEMENT,Ngee Ann Polytechnic,NP,School of Humanities & Social Sciences & Interdisciplinary Studies,N91,BM,B,40,40,13,12,13,9,8,10,11,10,10,10,9,2,9,9,9
CHINESE MEDIA & COMMUNICATION,Ngee Ann Polytechnic,NP,School of Humanities & Social Sciences & Interdisciplinary Studies,N88,MD,A,40,40,13,13,15,11,12,13,15,12,16,14,13,2,8,6,8
CHINESE STUDIES,Ngee Ann Polytechnic,NP,School of Humanities & Social Sciences & Interdisciplinary Studies,N70,HU,A,45,50,13,12,13,13,10,13,14,16,16,15,15,2,10,7,7
PSYCHOLOGY & COMMUNITY DEVELOPMENT,Ngee Ann Polytechnic,NP,School of Humanities & Social Sciences & Interdisciplinary Studies,N11,HU,A,75,50,13,13,13,10,9,-,-,-,-,-,-,2,9,9,8
EARLY CHILDHOOD DEVELOPMENT & EDUCATION,Ngee Ann Polytechnic,NP,School of Humanities & Social Sciences & Interdisciplinary Studies,N96,HU,A,440,450,20,23,21,18,17,15,-,-,-,-,-,2,12,12,10
DATA SCIENCE,Ngee Ann Polytechnic,NP,School of InfoComm Technology,N81,ID,C,50,50,12,10,11,11,12,10,13,13,14,14,15,1,6,8,5
IMMERSIVE MEDIA,Ngee Ann Polytechnic,NP,School of InfoComm Technology,N55,ID,C,50,50,16,14,15,16,13,13,14,15,15,15,15,1,10,7,10
CYBERSECURITY & DIGITAL FORENSICS,Ngee Ann Polytechnic,NP,School of InfoComm Technology,N94,ID,C,75,75,11,10,8,8,8,8,10,10,10,11,-,1,5,5,5
INFORMATION TECHNOLOGY,Ngee Ann Polytechnic,NP,School of InfoComm Technology,N54,ID,C,120,125,15,14,15,15,12,10,13,14,15,16,18,1,9,9,10
COMMON ICT PROGRAMME,Ngee Ann Polytechnic,NP,School of InfoComm Technology,N98,ID,C,125,125,14,12,13,13,11,13,-,-,-,-,-,1,9,8,9
LANDSCAPE DESIGN & HORTICULTURE,Ngee Ann Polytechnic,NP,School of Life Sciences & Chemical Technology,N57,AS,D,40,40,16,16,14,16,15,15,17,16,18,17,19,1,8,10,10
ENVIRONMENTAL & WATER TECHNOLOGY,Ngee Ann Polytechnic,NP,School of Life Sciences & Chemical Technology,N74,AS,C,45,45,17,15,16,14,14,14,15,15,15,15,16,1,10,7,8
COMMON SCIENCE PROGRAMME,Ngee Ann Polytechnic,NP,School of Life Sciences & Chemical Technology,N15,AS,C,48,50,9,9,-,-,-,-,-,-,-,-,-,1,4,4,-
PHARMACEUTICAL SCIENCE,Ngee Ann Polytechnic,NP,School of Life Sciences & Chemical Technology,N73,AS,C,55,50,9,9,9,9,9,8,9,9,9,9,10,1,4,4,4
BIOMEDICAL SCIENCE,Ngee Ann Polytechnic,NP,School of Life Sciences & Chemical Technology,N59,AS,C,57,60,7,7,8,8,8,8,7,8,8,8,9,1,3,4,4
CHEMICAL & BIOMOLECULAR ENGINEERING,Ngee Ann Polytechnic,NP,School of Life Sciences & Chemical Technology,N56,AS,C,70,75,12,12,12,11,11,10,12,12,13,12,13,1,6,6,7
